PAA,SAX,MCB
-0.0023263243330001087,b,b
-0.0024009601766335023,b,b
-0.0024238991676001323,b,b
-0.002496022446966824,a,a
-0.002415761145000151,c,b
-0.0024362893311334717,a,a
-0.002494181171833448,b,b
-0.0024892271841001385,c,c
-0.0024464821857334597,a,a
-0.002417826153600165,a,a
-0.002414591322066814,a,a
-0.002374826901400134,a,a
-0.002399312165366823,a,a
-0.0024435728476668367,b,b
-0.002445759946933511,b,a
-0.0024421690750001516,b,c
-0.0023263243330001087,b,a
-0.0024009601766335023,a,c
-0.0024238991676001323,c,c
-0.002496022446966824,a,c
-0.002415761145000151,b,a
-0.0024362893311334717,c,a
-0.002494181171833448,a,b
-0.0024892271841001385,a,a
-0.0024464821857334597,a,c
-0.002417826153600165,a,a
-0.002414591322066814,a,b
-0.002374826901400134,b,b
-0.002399312165366823,b,c
-0.0024435728476668367,b,a
-0.002445759946933511,b,c
-0.0024421690750001516,a,c
0.002931508460566752,c,a
0.002987396368100086,a,c
0.0030181173981000853,b,c
0.0029184977404666784,c,a
0.0030332643241333607,a,a
0.002966847969966724,a,a
0.002969848718300093,a,a
0.0030461732404333504,a,a
0.0031126303204000007,a,b
0.0031330670002000373,b,b
0.0030925904547666506,b,a
0.0030255331607667224,b,a
0.0030556540440666766,b,c
0.0030060527190000587,a,b
0.0030476787088333204,c,c
0.0030805159225333317,a,c
0.0030816652497667467,b,a
0.003107737584166687,c,a
0.003186239017133341,a,c
0.0031545108575000156,a,a
0.003172963728433349,a,b
0.003168050558333301,a,c
0.003125468297133367,a,c
0.003250386907133331,b,b
0.0032354230579666196,b,a
0.0031884971977000206,b,a
0.0032540185899999786,b,a
0.0032007856311332883,a,b
0.0030501101156000464,c,c
0.0031469729760999973,a,a
0.003423716261599963,b,c
0.003712158566233314,c,a
0.003896372711999895,a,a
0.003452637533133254,a,a
0.0036540225210333907,a,c
0.0041839398135666075,a,a
0.0037489728766999446,a,c
0.004017903837533303,b,c
0.0036041972210667087,b,c
0.0034691265500999906,b,b
0.003766672922800004,b,c
0.003621022685300082,a,c
0.003842153100566633,c,c
0.0036956787074667284,a,b
0.004117238582133379,b,b
0.005093546336533301,c,a
0.008497243779833304,a,a
-0.0017326248042666688,a,b
-0.006481974792533389,a,c
0.00775557470833334,a,c
0.0014221901434999973,a,b
-0.007104989831266579,b,a
0.0009751483989000271,b,a
0.008309570401566704,b,c
0.0015429681173999806,b,a
-0.006433930403833288,a,a
0.0023135785610666495,c,a
0.005013245277899975,a,a
0.004968485994733298,b,c
-0.0060326537340667005,c,c
-0.002738332095700095,a,a
-0.0027499084076667802,a,c
-0.0028015645345334317,a,a
-0.002754231742866763,a,c
-0.0027481383798001187,a,c
-0.00274832151940015,b,a
-0.0027887674695001446,b,a
-0.002831654862300138,b,b
-0.0028154602131667443,b,a
-0.0027980346508334596,a,c
-0.0028012898499001084,c,a
-0.00280368041883345,a,a
-0.0027912902728334426,b,a
-0.0027977701613001375,c,b
-0.002810495979433414,a,c
0.00034623208296666823,a,c
0.00030578611543333065,a,c
0.0001921895330333327,a,c
0.00021495579059999895,a,b
0.0002334187830333334,b,a
0.0001426188382333335,b,b
0.00023974610103333103,b,a
0.00022974647133333387,b,b
0.00026048791216666756,a,b
0.0002901918615333329,c,b
0.00018281055753333324,a,b
0.000203196283866665,b,a
0.00026401784636666405,c,a
0.00017394008266666746,a,b
0.00019695027223333217,a,c
0.0003162131327333324,a,a
-0.002184193649033423,a,b
-0.0021637367328000466,a,c
-0.002188862911666773,b,b
-0.002148803518233383,b,b
-0.002185689077833429,b,b
-0.0021381019672333875,b,c
-0.002252227577466779,a,c
-0.002201741306366778,c,c
-0.0022587990265334483,a,c
-0.002203633404600072,b,a
-0.0023106280542001304,c,b
-0.00233231590653348,a,c
-0.002374755564800129,a,c
-0.00239368676010015,a,b
-0.002372141356766788,a,a
0.0033631901918333164,a,b
0.0034414678980999873,b,b
0.0034860844407666415,b,c
0.003417562454633292,b,a
0.003467814601333322,b,b
0.0033579818272999867,a,a
0.003401622043299983,c,c
0.0035377100027333378,a,b
0.003352264795700026,b,c
0.0033898523577666688,c,c
0.0033201704625000134,a,b
0.003376567090199996,a,a
0.0033472904273000423,a,c
0.0034266464602000254,a,b
0.003303162058799972,a,c
0.0035532737695333125,b,a
-0.0004698691722666577,b,c
-0.0002766418555999906,b,a
-0.000585276227533339,b,c
-0.0003448688859999978,a,b
-8.367934796666482e-05,c,b
-3.086343306666512e-05,a,b
7.625340566666687e-05,b,a
-0.0007852579238333367,c,a
-4.333540100002797e-06,a,c
-2.6560484466668435e-05,a,c
-0.0004865316080000041,a,b
0.0004029951154333363,a,b
-0.0005476889148666698,a,b
0.0002632444368666649,b,a
7.701642480000502e-05,b,a
0.0020851951788000496,b,c
0.00227985652650001,b,c
0.002217834597766692,a,c
0.0024851175059667136,c,b
0.0022050784288333764,a,c
0.0023675843847334,b,a
0.0024855554066333936,c,b
0.0028126122300666857,a,c
0.002573446041833365,a,b
0.0025047405440666555,a,c
0.002538615324133393,a,c
0.0025581973962000887,a,a
0.0028514610700666925,b,c
0.00264091017726673,b,b
0.0025630188421333746,b,b
-0.0026808269131334207,b,c
-0.0027613728873334196,a,a
-0.002780354849300071,c,b
-0.0028599345196000897,a,b
-0.002993723657266689,b,a
-0.002995554680266752,c,b
-0.002987640507233351,a,a
-0.0030981853515333457,a,a
-0.003119934153900026,a,b
-0.0029714458296000567,a,a
-0.0029197083188000693,a,c
-0.0028883972252667163,b,c
-0.0029608155219000287,b,c
-0.0029592590716999998,b,a
-0.00294203701610006,b,b
0.001035563175266674,a,c
0.0003549398439999977,c,a
0.0013736372819000166,a,c
0.0012367554227666845,b,b
0.001215688132633366,c,b
0.0008536071465666728,a,b
0.001230824868066681,a,b
0.0012321778742666845,a,c
0.0007205201010000035,a,c
0.0011638590307666778,a,c
0.0009224244056333361,b,a
0.0011097311153333489,b,b
0.0008801677574666729,b,a
0.0010947876316333414,b,b
0.001198374601733342,a,b
0.00315651479650004,c,b
0.0032373763487333297,a,a
0.0030414230032999763,b,a
0.0031779790368333784,c,c
0.003044881704300006,a,a
0.0032015182208000336,a,b
0.003153788663899989,a,b
0.0030132957523667067,a,a
0.003081319365233382,a,c
0.0031848553853000305,b,c
0.003078410350100007,b,a
0.0031011559171333835,b,c
0.0031558942753333696,b,a
0.003173869203466705,a,c
0.0031932884811666546,c,b
-0.0022518616036334067,a,b
-0.0023468021514667166,b,a
-0.002381439613866707,c,a
-0.0023625795079667542,a,c
-0.002337290455466764,a,a
-0.0023958235026000432,a,b
-0.0024307457240333795,a,c
-0.0024022014307334243,a,c
-0.002362966153433369,b,c
-0.002359965230033389,b,a
-0.0023455912464667205,b,b
-0.0023817444923000686,b,b
-0.002328694908333347,a,b
-0.0024013064913333978,c,a
-0.002384724989700109,a,c
-0.002362111260433472,b,b
-0.002370523966766791,c,c
-0.0023436481428001023,a,c
-0.0025006712696001416,a,c
-0.0024334918945334546,a,a
-0.0024318337551668063,a,c
-0.002451771990700152,a,a
-0.0025290933433668233,b,c
-0.0025182392342001578,b,a
-0.00252681467096687,b,c
-0.0024984536692668285,b,a
-0.0024333087920334535,a,b
-0.0024985248476001466,c,b
-0.0025762531554334904,a,a
-0.002537394107200147,b,a
-0.0016492716873333741,c,b
-0.001590738883633383,a,b
-0.0016034748934667174,a,b
-0.0015956623598667185,a,c
-0.001595458920866722,a,c
-0.0016233520192667282,a,c
-0.0016133219266333818,b,a
-0.0016056823492333924,b,b
-0.0016146749138334028,b,a
-0.0016154886649667325,b,a
-0.0015852355527000643,a,b
-0.0015779011718000517,c,a
-0.0015911864974000657,a,b
-0.0015800373510667133,b,a
-0.0015850219144000646,c,a
-0.0024321085685334253,a,a
-0.002525278894366754,a,b
-0.0025173340538667387,a,a
-0.0024133504280000823,a,c
-0.002416605871766709,a,b
-0.002392995226400099,b,b
-0.0023946025331000697,b,a
-0.0023636984371667525,b,b
-0.002374206532500084,b,c
-0.002384470749700096,a,a
-0.002416066573833409,c,b
-0.002493245642866706,a,a
-0.0024838461918667435,b,c
-0.002504353860166798,c,a
-0.0024825644601667277,a,a
-0.0024845277348667324,a,b
0.0009410808040333352,a,b
0.0010546672438333327,a,a
0.001031738420833336,a,b
0.0009428101240666702,b,a
0.00103582774976666,b,a
0.0008491720650333365,b,c
0.0008381348666666689,b,b
0.0009159241546333309,a,b
0.0009619243257999975,c,b
0.0007954404131000072,a,b
0.001144521256566672,b,a
0.0010072531463666697,c,c
0.0009420268882000053,a,c
0.0009965210726333386,a,b
0.0008982442476666685,a,c
0.0007888593653000031,a,a
0.0016751812130333815,a,c
0.0009801230873000073,b,a
0.001357767839766686,b,c
0.0012253622669333368,b,b
0.000955983643633333,b,c
0.0015470378163667047,a,c
0.000795420438233328,c,b
0.001454183130466686,a,b
0.0012245587267333462,b,a
0.0010539043359000003,c,b
0.0008574525044333429,a,c
0.0011065775243666667,a,c
0.001404470183466702,a,a
0.0009855755706333397,a,c
0.0031256307385666916,a,b
0.00305190026973331,b,b
0.00317818203809998,b,c
0.0031625061557999878,b,a
0.0032332764098333996,b,b
0.0032998869886333056,a,c
0.0031759543222333675,c,a
0.003246958468233379,a,b
0.0032792258738999795,b,a
0.0031701355591333418,c,b
0.003212361708100041,a,b
0.0031787923595333577,a,c
0.0031812134183333706,a,b
0.0032213542219333225,a,a
0.0031674398179666933,a,b
-0.0023965555478667605,b,a
-0.002305592853600082,b,b
-0.0023184712532667356,b,c
-0.0023006286528334365,b,c
-0.0023024698866667644,a,a
-0.0023621419208667426,c,b
-0.002361948664766771,a,b
-0.002351704926200086,b,c
-0.002342824295666766,c,c
-0.0023656209663667823,a,a
-0.002299224907833439,a,a
-0.002293528264833415,a,c
-0.002298868828466754,a,c
-0.0023040771919333957,a,b
-0.002273925811500108,b,c
0.0011534627142000215,b,c
0.001083953867566689,b,c
0.0010676269837000055,b,c
0.0010080770107333513,a,b
0.0009442545544333385,c,c
0.0009081319356333399,a,b
0.0010204467423666711,b,c
0.0009469299337666755,c,a
0.0009006143730666812,a,a
0.0008631490825000054,a,c
0.000830780026533338,a,c
0.0008865763201000103,a,c
0.0009118957816666751,a,a
0.0009425557809333431,b,c
0.0008895059961666722,b,a
0.0009093424446333414,b,c
0.003353190514366659,b,c
0.003317149294533328,a,b
0.0033300683563666595,c,a
0.003482401956733333,a,a
0.0033573102924333775,b,b
0.0032985640006333596,c,a
0.003433329637566635,a,b
0.0033553572354666234,a,b
0.0033167423611666527,a,a
0.0033517764620333472,a,a
0.003241841978999979,a,c
0.003363118927533344,b,c
0.0032875370256999995,b,a
0.003297180485733374,b,b
0.003324798982133399,b,c
-0.0022413633875000764,a,b
-0.002319284990933439,c,a
-0.0023642577254001287,a,c
-0.002428181906700149,b,a
-0.0025010172173334537,c,c
-0.0025843098369668018,a,b
-0.002554188970400152,a,c
-0.0025438536769334967,a,c
-0.0025792134171334523,a,b
-0.0026234129859334545,a,c
-0.0026211039076668103,b,c
-0.002607228497133471,b,c
-0.002588073683933446,b,b
-0.002567321668733454,b,a
-0.0025863036369668004,a,a
0.002314758587866724,c,c
0.002331166893300003,a,c
0.0023878379748000227,b,b
0.002598806095533339,c,a
0.0025928856361333522,a,a
0.002539795418800018,a,b
0.002848511131233341,a,a
0.002629130419266691,a,a
0.002576823246666663,a,b
0.002787760762066624,b,a
0.002656433470533359,b,b
0.002915141200933351,b,c
0.0027346704371000565,b,b
0.0028112797587667064,a,a
0.0027020165547999918,c,b
-0.0023428344343668106,a,b
-0.0024105224042001096,b,c
-0.0024886779164667904,c,b
-0.002471984850633428,a,a
-0.002461161217300105,a,a
-0.002429443258300106,a,b
-0.0024169107356001003,a,c
-0.0024019469581001156,a,c
-0.002527832011500127,b,c
-0.0025510863627001357,b,a
-0.0025591430565667706,b,c
-0.002460967957433422,b,a
-0.0024799193821668252,a,b
-0.0024342040400001023,c,a
-0.00258696485843344,a,c
0.0031593427892000216,b,b
0.003211029309300013,c,a
0.0032270306650667045,a,b
0.0032892053191666735,a,b
0.003235952046499958,a,c
0.003173472386066651,a,b
0.0032474370074666277,a,a
0.0033233138350666374,b,a
0.0033019208862999855,b,b
0.0031620688715333026,b,a
0.0031178899099333006,b,a
0.003262563395333245,a,c
0.0033133038792000154,c,c
0.003398722793466581,a,c
0.0035547489071333046,b,a
-0.0018364969556000582,c,c
-0.002079274499900098,a,b
-0.0022743937917334436,a,b
-0.002366485668500104,a,a
-0.0024591268711334087,a,b
-0.0023936666937333824,a,c
-0.0024167785365334115,b,a
-0.0023737487818334155,b,a
-0.0024387614963000794,b,b
-0.0024495850602667406,b,c
-0.0024650268922334125,a,b
-0.0024704386285667635,c,a
-0.002520782552566784,a,c
-0.002433186868466772,b,b
-0.0025142313829667993,c,a
0.0029627482899000565,a,b
0.0029999288386334273,a,b
0.003088745185100099,a,a
0.0030509338748667095,a,a
0.00298307289776675,a,a
0.0030387878887667454,b,c
0.003141225209866694,b,b
0.0030774638576666685,b,b
0.003103861549133411,b,c
0.003099823059733343,a,a
0.003095926989100062,c,b
0.003140197852900054,a,b
0.0031852824644333323,b,b
0.003145874058166754,c,a
0.003231343645166725,a,a
0.0031467489394667197,a,c
0.000944346292000005,a,a
0.0010843607963000091,a,b
0.0009930522354000063,a,c
0.0009218953976333319,b,c
0.0009704793462333389,b,a
0.0009455566376333383,b,a
0.001010925334066677,b,a
0.0009477336021666742,a,c
0.0009859416282333353,c,a
0.0008726604683666666,a,c
0.000871551554433349,b,c
0.0009601339934333495,c,a
0.0006292521494666674,a,b
0.0008608195142000129,a,b
0.0008763224527666748,a,c
0.0008315634517333414,a,c
0.0010404563282000023,a,a
0.0008713074590333368,b,b
0.0008976440514333389,b,a
0.0006245829294666687,b,c
0.0007003582174333367,b,b
0.0006157329205333389,a,a
0.0006722413109666683,c,b
0.0006103415038333314,a,b
0.0006346945464666664,b,a
0.0005953470932000003,c,c
0.0009647116860999953,a,b
0.0004356078381666678,a,a
0.0005276693200999997,a,b
0.0005283407071333341,a,a
0.0006625773571000045,a,a
0.002989644450533389,b,b
0.003038096113900106,b,a
0.0031189575489333926,b,a
0.0030312296258334388,b,a
0.0030469767706999902,a,a
0.003092427634133388,c,c
0.003030395673633321,a,a
0.0030248108561000673,b,a
0.00303585817580009,c,a
0.00301481124026669,a,b
0.0030788677982000667,a,b
0.003036997497933401,a,a
0.003100952214933438,a,c
0.0031439514500000093,a,c
0.0033435567666333984,b,c
0.0011606952462666848,b,a
0.0011145933207333516,b,b
0.001077534799266693,b,c
0.0011068622174333503,a,b
0.001093932887900026,c,c
0.0011419879004666992,a,b
0.0011553953091333724,b,c
0.0010455727453666875,c,a
0.0010520933170000218,a,b
0.00101695753180002,a,b
0.0011068011924333454,a,a
0.000998362097600023,a,a
0.0009850157736666868,a,c
0.0009216816342000137,b,b
0.0009026488214333404,b,c
0.0009194538764000106,b,a
-0.0025513915633001037,b,c
-0.0025908609474667695,a,c
-0.0026746012368667428,c,b
-0.002640869092800099,a,a
-0.002737101260400113,b,a
-0.0026381021504667604,c,b
-0.0026845601367667814,a,c
-0.0027296956364667455,a,a
-0.002732879622733463,a,b
-0.0027217203480000953,a,a
-0.0026869506705334734,a,b
-0.002708567280800096,b,a
-0.002672841342733417,b,b
-0.0026962076248667763,b,b
-0.002770284010700101,b,b
-0.0021805317567000944,a,c
-0.002230366984400076,c,a
-0.002301188108266749,a,b
-0.0022906290228001183,b,b
-0.0023043517915334183,c,a
-0.0023583068437667536,a,c
-0.002433247843200143,a,b
-0.0024185891194667586,a,b
-0.0023360391784667785,a,b
-0.0024041748298334444,a,a
-0.0024314371538334267,b,c
-0.0023751220114667545,b,c
-0.002439951480933402,b,c
-0.002469757110433429,b,c
-0.0024967651105334485,a,c
-0.002491882361833506,c,b
-0.0024449765221001914,a,a
-0.0024784950863002246,b,c
-0.002515289130033545,c,c
-0.0024928281243669546,a,b
-0.002505340350666999,a,c
-0.0024872840934003176,a,a
-0.0024397274851669826,a,b
-0.0024162493156002743,a,c
-0.0023670447658002197,b,c
-0.0024502256087669486,b,b
-0.002462056240466935,b,b
-0.0024770607029335947,b,a
-0.0024848121933002992,a,c
-0.0024951373433669414,c,b
-0.0025050962286669366,a,b
-0.002491882361833506,b,a
-0.0024449765221001914,c,b
-0.0024784950863002246,a,c
-0.002515289130033545,a,c
-0.0024928281243669546,a,c
-0.002505340350666999,a,a
-0.0024872840934003176,a,c
-0.0024397274851669826,b,c
-0.0024162493156002743,b,a
-0.0023670447658002197,b,b
-0.0024502256087669486,b,c
-0.002462056240466935,a,a
-0.0024770607029335947,c,c
-0.0024848121933002992,a,a
-0.0024951373433669414,b,b
-0.0025050962286669366,c,b
0.0030009157313000178,a,a
0.003104654984033409,a,c
0.0030318603875667707,a,c
0.003008870428466743,a,b
0.003049713146866718,a,a
0.002994262729800047,b,c
0.0029406941595000687,b,b
0.002965301509133365,b,a
0.0029644470383667345,b,b
0.0030993957662000648,a,b
0.003056121853133384,c,a
0.0030268860084334058,a,a
0.003025390668966735,b,b
0.003052764910500067,c,c
0.003135365838033403,a,c
0.008028432302433294,a,c
0.0024944464475333524,a,a
0.0036920677194332554,a,a
0.0033484398689333306,a,b
0.002972981980133359,b,c
0.0033003643839000225,b,c
0.0036198834498333884,b,b
0.003316111530400046,b,b
0.0029323528140334063,a,b
0.003261200022900036,c,a
0.0033320518845999948,a,a
0.0030559694158000333,b,c
0.003019694149966689,c,c
0.0033633120498333157,a,c
0.003144348308666682,a,b
0.0021886284601666437,a,c
0.0014972435220666838,a,b
-0.007392640097933355,a,b
-0.0007620647078333217,b,c
0.006318827466533277,b,c
0.004530885351933323,b,a
0.002031626755999977,b,a
-0.006611114484366714,a,a
0.0037173152608333784,c,c
0.0029437258852666815,a,a
0.00129239977543331,b,c
-0.006864318911933289,c,c
0.007300191106066721,a,c
0.004314951531933356,a,c
-0.0029019472206999516,a,b
0.0008780618175333742,a,b
-0.0028292846331001626,a,b
-0.002796539282400178,b,a
-0.0028006489270001756,b,c
-0.002798858617166824,b,a
-0.0028219807184667665,b,a
-0.0028050536634334497,a,c
-0.002748708076133466,c,b
-0.0026992695737334442,a,c
-0.0027692463616334475,b,b
-0.002772145556333441,c,c
-0.0027583922909334346,a,c
-0.0027571003548001434,a,a
-0.002752370188566758,a,a
-0.0028668212716334643,a,c
-0.002799540166166758,a,b
1.2278387333337796e-05,b,a
0.0002720845169666658,b,b
0.00016831460313333237,b,c
0.0002809041223666645,b,a
0.0002740579941333311,a,a
0.00030083211920000063,c,b
0.0003401285620000028,a,b
0.0002741088566333333,b,c
0.00022654209783333327,c,b
0.00030039466936666696,a,a
0.0002987162008999973,a,b
0.0003017985105999995,a,b
0.0004263203933333359,a,c
0.0003513183961333335,a,a
0.00033415726873333405,b,a
0.003674255421433329,b,c
0.0036219073071333753,b,b
0.0027637429622667086,b,c
0.0035908611092333544,a,b
0.0036036276301333364,c,a
0.004145517788866635,a,b
0.004534260876799963,b,a
0.0042208961061999725,c,c
0.003966003160333332,a,c
0.0033894450637999857,a,b
0.003794423253566694,a,a
0.003188212087600079,a,a
0.003210835786166813,a,b
0.00375400755120003,b,c
0.004205810438700008,b,c
0.003570800825300004,b,c
0.011095927017066584,b,a
-0.0013068949993999854,a,a
0.0016584473204000313,c,c
0.002366617999766814,a,a
0.0008066303850333427,b,c
0.002446512884166755,c,c
0.0028931376258334784,a,c
0.0027520039461668092,a,b
0.002707478802933407,a,c
0.0028079223722334854,a,a
0.002591430543100119,a,a
0.0028426208024668214,b,a
0.0028787434398668404,b,b
0.0030089112092333762,b,b
0.0028175963952001277,b,b
-1.0576341491538075,a,b
0.3054580934599971,c,a
0.37395937369903254,a,a
0.06653970875253348,b,c
-0.2156669595038333,c,a
-0.049961962279434335,a,c
0.010640746893999974,a,a
-0.0012285555297666358,a,c
0.012482574533533264,a,b
0.00990480539669998,a,a
0.00918264783660005,b,c
0.008521891546266534,b,c
0.006018015391800127,b,a
0.003840983103300069,b,b
0.004564199083999891,a,b
0.0029828089204666708,c,c
-0.002668233190833443,a,a
-0.0023154295912667525,b,c
-0.002540038986366782,c,b
-0.0024094135706001444,a,a
-0.0023538919210334503,a,a
-0.002374002994500105,a,b
-0.0024150389738334436,a,c
-0.00242410261963348,a,a
-0.0022758786968667673,b,b
-0.0023623961126667575,b,b
-0.0024482014099001543,b,c
-0.0023414304670668225,b,b
-0.0023960366091334896,a,a
-0.002450266298300144,c,b
-0.00238094054706682,a,a
-0.0012113649364667042,b,a
-0.003222961720933401,c,b
-0.0033027242683333806,a,b
-0.0029921773427667793,a,a
-0.003212229572966562,a,a
-0.002982015035666815,a,c
-0.0029801534628000207,a,c
-0.002989644443300127,b,b
-0.0029679973059334583,b,c
-0.002946248396100139,b,c
-0.0029093729878001164,b,c
-0.0028703410017334864,a,a
-0.002867736831766773,c,b
-0.0029188029294001158,a,a
-0.002916330974700124,b,b
-0.0027945352663001216,c,b
0.00361359728063326,a,a
0.003206950223700051,a,a
0.0036009324726333117,a,c
0.003453532221433304,a,b
0.0033351951854333887,a,a
0.003556366175100004,b,b
0.003957703509399921,b,b
0.0030651758988332924,b,b
0.0032184351085333793,b,b
0.0036273094978000048,a,c
0.0034233404561999302,c,c
0.0035573427512000087,a,a
0.0033582155607666773,b,b
0.0036324872432334215,c,b
0.0035197351276666424,a,c
-0.0023692629376333998,a,a
-0.002582987522166796,a,b
-0.0025072529429668523,a,b
-0.002440429582866768,a,b
-0.002472422219600087,b,b
-0.00252322387043346,b,b
-0.0025616047140668515,b,b
-0.0025888874355002116,b,c
-0.002524241080166742,a,b
-0.002427093385333519,c,a
-0.0024440305742001642,a,b
-0.0025058795891334928,b,c
-0.002497304151666797,c,a
-0.002542846594266841,a,c
-0.002556498085333536,a,b
0.0031549479654999365,a,a
0.0034923507560999266,a,c
0.0033099164615667293,a,b
0.0033106183974667,b,b
0.003377889238800029,b,a
0.0033604940369000324,b,b
0.0033793336477666515,b,a
0.003168996206366695,a,b
0.0033520916115666543,c,c
0.003460876624300071,a,a
0.0032395427458333926,b,a
0.0035092877836666522,c,a
0.003386912294000002,a,a
0.003428894267999967,a,c
0.003403910507099984,a,a
0.0012193400332000126,a,b
0.0010043948468666723,a,b
0.0015405378920333597,b,c
-0.00016085800659998753,b,b
0.0019672040074667466,b,c
0.0011680093652333488,b,c
0.00051087439413334,a,a
0.00084482828996667,c,c
0.0014474287123000316,a,c
0.0019936829933667366,b,a
0.0004496053879000022,c,a
0.001779734386633384,a,c
0.0012215373138666841,a,c
0.001273071431166698,a,b
0.0008091836621666797,a,b
0.0010814819925999979,a,c
-0.002583770856066827,b,b
-0.002623351960566833,b,b
-0.002616271891033539,b,a
-0.002562225175867011,b,b
-0.002483917019533582,a,a
-0.002432688147366953,c,a
-0.002489766213466871,a,b
-0.002491078517533593,b,b
-0.002481628188166992,c,a
-0.0024641110861002777,a,b
-0.0024701332436002474,a,b
-0.002546264449633623,a,a
-0.002503865358500263,a,b
-0.002485025809333611,a,a
-0.0025212501993336143,b,b
-0.0021967469375667502,b,c
-0.002336364720333427,b,a
-0.0022636107818001005,b,c
-0.0022848205564334548,a,a
-0.002296010288100107,c,c
-0.0022389220789000796,a,a
-0.002272104861100127,b,c
-0.002302012130100077,c,c
-0.002222798636566764,a,a
-0.002273295049066769,a,a
-0.0022636515413000857,a,b
-0.0022223002271000965,a,a
-0.0021898091560334327,a,c
-0.0021773885089667283,b,c
-0.002266174344100135,b,b
-0.002264160176633437,b,a
0.0037804462663666386,b,c
0.0027613022399667134,a,b
0.002541677270733402,c,c
0.0028543398679999653,a,b
0.0029531355625999852,b,b
0.0028699546968000197,c,c
0.002993479845766611,a,a
0.0028515221211333815,a,a
0.003017853057700079,a,c
0.0029357607408667333,a,b
0.0029761762234666966,a,b
0.002943451257166661,b,a
0.0030228070980333355,b,b
0.003055165923133328,b,b
0.0031585187208666766,b,c
-0.00249002128020003,a,c
-0.00231061835343342,c,a
-0.0023229369878334225,a,c
-0.002382100835800053,b,c
-0.0023189292448667015,c,c
-0.002383585684666768,a,b
-0.002296142298000196,a,c
-0.002319844368133441,a,c
-0.0023483783734668,a,a
-0.0023518267262335442,a,b
-0.0023015235379668098,b,a
-0.002315073506200095,b,a
-0.0023053078194334837,b,c
-0.002319701895900133,b,a
-0.0023152362753667307,a,b
-0.0025137736417334155,c,b
-0.0026224975533334924,a,b
-0.0025519713005668536,b,c
-0.0025448911916334605,c,a
-0.0025293476716334753,a,c
-0.0024834696187668046,a,a
-0.0024706521330668347,a,a
-0.0024821166052668153,a,b
-0.0024818520623668705,a,b
-0.0025113322724334957,b,b
-0.002530761643633552,b,b
-0.0025075986707002356,b,a
-0.002433634185233561,b,c
-0.0024674375158335714,a,a
-0.002606323081866931,c,a
0.0007130534486333269,a,c
0.0009023233368666774,b,c
0.0008869831487000147,c,c
0.0009589333946333563,a,a
0.0007456663403666821,a,c
0.0009851479453666925,a,b
0.0009659523454000278,a,b
0.0009529010927666837,a,a
0.0009366351519333532,b,a
0.0008865762102333471,b,a
0.0008432921276666768,b,a
0.0009005431028333505,b,a
0.0009812722420333576,a,a
0.0007893879024333429,c,b
0.0008078815835000122,a,c
0.0031114404356333784,b,c
0.003379364165099943,c,c
0.00325763961926671,a,a
0.0031838379600000128,a,b
0.0031787923575000193,a,a
0.0032436524256666465,a,b
0.0032173767856333376,a,b
0.0032249349459666987,b,c
0.003224049924166623,b,c
0.003181925489933326,b,a
0.0032359721547666454,b,a
0.0032728984368666494,a,c
0.0032507019919666854,c,a
0.0034089966738333776,a,a
0.0033560893150667306,b,a
0.003228088431033343,c,a
0.003267008545433355,a,b
0.0031805318551333963,a,b
0.003233683355766691,a,c
0.0032254843505333435,a,b
0.003282643780866573,a,b
0.0032681072231999586,b,b
0.0032542827520332827,b,b
0.0032496440889999514,b,c
0.003266479615166618,b,a
0.00328850314886667,a,a
0.0032956747668666003,c,b
0.0032273051829333414,a,b
0.00318655407556667,b,b
0.003217061518833328,c,c
0.0032017111427667003,a,c
0.0033376058893333635,a,a
0.0031260071485333697,a,a
0.003450856567300001,a,c
0.00342956553913338,a,a
0.003257884229633315,b,a
0.0036085204502666816,b,c
0.0036944479492666683,b,a
0.0033562522286666365,b,b
0.0031738588935999843,a,b
0.0035041503884667403,c,b
0.0033301799784999937,a,b
0.003341369773733334,b,b
0.0034180400513999743,c,b
0.0035675352783999604,a,a
0.003248464129866699,a,a
-0.0027941488586334475,a,c
-0.0027313029533334305,a,a
-0.0027614033017001713,a,a
-0.002732889739600133,b,c
-0.002724985775100089,b,c
-0.002721404910366847,b,c
-0.0027120258208335113,b,b
-0.002712554856733544,a,b
-0.0027935587038001365,c,a
-0.0028553059809001916,a,c
-0.002812225327066896,b,b
-0.002837381994833528,c,a
-0.002875152612066802,a,c
-0.002822540287866949,a,a
-0.0028039957578668835,a,b
-0.0014875793073667106,a,a
-0.0015246377820000376,a,a
-0.0015820006036000463,b,a
-0.0016032611854667033,b,b
-0.0015813292148000437,b,c
-0.0015767311933666801,b,b
-0.0015213926476333735,a,c
-0.0016436562409000224,c,a
-0.0015858864411000394,a,a
-0.0015649412072666887,b,b
-0.001576385304333349,c,c
-0.0015653277831667073,a,b
-0.0015428668542333576,a,b
-0.0015719907538667068,a,b
-0.001553924386866695,a,c
-0.0025948284107668116,a,b
-0.0026355895348668524,b,a
-0.0025209145606002363,b,b
-0.0024895322697335315,b,a
-0.0025751544653002173,b,b
-0.0025586241184335774,a,c
-0.0025414834187669016,c,c
-0.0025406797351002542,a,c
-0.0025943805355335705,b,a
-0.002592386715966897,c,b
-0.0026034340818002423,a,a
-0.0025777077329002503,a,c
-0.0025666909435336474,a,c
-0.002604949788833584,a,a
-0.0026187844107335807,a,b
-0.0026072589603002316,b,a
-0.0024872740494001635,b,c
-0.0024445086601002225,b,b
-0.0024938454720335435,b,b
-0.0024888202229669068,a,c
-0.002481831682466899,c,a
-0.0024557391044335766,a,a
-0.002534840739966868,b,b
-0.0025888059911001998,c,b
-0.0025975645621335217,a,c
-0.002634256892800198,a,a
-0.002690867042933603,a,a
-0.0026869912918002113,a,c
-0.002753438239166862,a,c
-0.002739267875033577,b,c
-0.002732523527400188,b,c
0.0009586791587333438,b,b
0.0013420000165000141,b,c
0.0010146480724333733,a,b
0.0009469702558000358,c,c
0.000830077797433354,a,a
0.0008153072318666846,b,a
0.000882364559166696,c,c
0.0009020076864000349,a,b
0.0009465531556333626,a,c
0.0008404130602333547,a,b
0.0009012244109666982,a,c
0.0009201757778333656,a,c
0.0007876074756333479,b,b
0.0007996313721666879,b,c
0.0008048600861000214,b,c
0.0007593380765000154,b,a
0.0007051697259000076,a,c
0.0011756084543333557,c,b
0.0009918721598666737,a,a
0.0009957478301000178,b,c
0.0011642456081333511,c,a
0.0009161784537000068,a,a
0.0009628295782333497,a,a
0.0008309122015666774,a,b
0.0008943582789666751,a,c
0.0011542053533333532,a,b
0.0009188639546000144,b,b
